id,title,content,created_date,updated_date
KB_ART_0001,Troubleshooting High CPU Usage on Web Servers,"High CPU utilization on a web server can lead to slow performance or even service outages. Common causes include runaway scripts, excessive traffic, or resource exhaustion. To troubleshoot, first identify the processes consuming the most CPU using system monitoring tools. Analyze the application logs for any unusual activity or errors. If a specific script is identified, review its code for inefficiencies or infinite loops. Consider optimizing the script or terminating it if necessary. For high traffic, investigate potential DDoS attacks or unexpected spikes in user activity. Ensure the web server has sufficient resources allocated, such as CPU and memory. Regularly monitor web server performance and set up alerts for high CPU thresholds. Consider implementing caching mechanisms to reduce the load on the server. If the issue persists, further investigation into the application code or underlying infrastructure may be required. This article provides a comprehensive guide to diagnosing and resolving high CPU usage on web servers, ensuring optimal performance and availability for critical online services. Remember to document all troubleshooting steps and resolutions for future reference.",2024-09-15 10:00:00,2024-09-16 14:30:00
KB_ART_0002,Resolving Database Connection Errors in Applications,"Applications often encounter issues connecting to their backend databases, leading to service disruptions. These errors can stem from various factors, including incorrect connection strings, network connectivity problems, database server downtime, or insufficient database resources. Begin by verifying the application's database connection configuration, ensuring the server address, port, username, and password are correct. Check network connectivity between the application server and the database server using tools like ping or telnet. Examine the database server's status and logs for any errors or downtime. Ensure the database server has adequate resources, such as CPU, memory, and disk space. If the issue is intermittent, it might be due to temporary network glitches or database server overload during peak hours. Consider implementing connection pooling in the application to manage database connections efficiently. Regularly monitor database server health and performance. This knowledge base article outlines common causes and troubleshooting steps for resolving database connection errors in applications, helping to maintain application stability and data integrity. Always back up your configurations before making any changes.",2024-10-22 11:15:00,2024-10-23 09:45:00
KB_ART_0003,Diagnosing Intermittent Network Connectivity Issues,"Intermittent network connectivity problems can be frustrating for users and disrupt business operations. These issues can be caused by a wide range of factors, from faulty network hardware to software configuration errors. Start by checking the physical connections, such as Ethernet cables and wireless signals. Use network diagnostic tools like ping and traceroute to identify where the connection is failing. Examine the logs of network devices, such as routers and switches, for any error messages. Wireless interference can also cause intermittent connectivity; try changing the Wi-Fi channel or moving the device closer to the access point. Ensure network drivers on user devices are up to date. If the problem is isolated to a specific location, investigate the local network infrastructure. For widespread issues, the problem might lie with the core network devices or the internet service provider. This article provides a structured approach to diagnosing and resolving intermittent network connectivity issues, ensuring reliable network access for all users. Document your findings and the steps taken to resolve the issue for future reference and to help identify recurring patterns.",2024-11-29 13:30:00,2024-11-30 16:00:00
KB_ART_0004,Troubleshooting Random Laptop Freezing,"Random laptop freezing can significantly impact user productivity. This issue can be caused by software conflicts, outdated drivers, hardware problems, or malware infections. Begin by checking the system's resource usage (CPU, memory, disk) using the Task Manager or Activity Monitor to identify any processes consuming excessive resources. Update all device drivers, especially graphics and network drivers, to the latest versions. Perform a full system scan with a reputable antivirus and anti-malware program. Check the system event logs for any critical errors or warnings. If the freezing started after installing new software, try uninstalling it. Hardware issues like overheating or a failing hard drive can also cause freezing; monitor the laptop's temperature and run hardware diagnostics. This knowledge base article provides a step-by-step guide to troubleshooting random laptop freezing, helping users identify and resolve the underlying cause to restore system stability and performance. Regularly maintain your operating system and software to prevent such issues.",2025-01-05 09:00:00,2025-01-06 10:30:00
KB_ART_0005,Managing Email Delivery Delays in Internal Communications,"Delays in internal email delivery can hinder effective communication within an organization. These delays can be caused by various factors, including email server overload, network congestion, issues with the email transport service, or problems with spam filtering. Start by checking the email server's queue to see if there's a backlog of messages. Monitor the server's performance metrics, such as CPU and memory usage. Restarting the email transport service can sometimes resolve temporary issues. Investigate network connectivity between email servers if multiple servers are involved. Review the spam filtering configurations to ensure legitimate internal emails are not being blocked or delayed. If the issue persists, analyze the email server logs for any specific errors. Consider implementing email archiving and retention policies to manage mailbox sizes. This article provides guidance on managing and troubleshooting email delivery delays in internal communications, ensuring timely and reliable exchange of information among employees. Regularly review and optimize your email infrastructure to prevent recurrence.",2025-02-12 14:45:00,2025-02-13 11:15:00
KB_ART_0006,Resolving Issues with Unreachable External Services,"Inability to access external services can disrupt critical business processes. This problem can arise from network connectivity issues, firewall restrictions, DNS resolution failures, or problems with the external service itself. Begin by checking your internet connection and ensuring other websites are accessible. Verify that the firewall is not blocking traffic to the external service's IP address and port. Use the ping or traceroute command to diagnose network connectivity problems. Check if the domain name of the external service resolves correctly using tools like nslookup. If the problem is isolated to your network, contact your network administrator. If the external service is down, check their status page or contact their support. This knowledge base article outlines steps to troubleshoot and resolve issues with unreachable external services, helping to restore access and minimize disruption to business operations. Always document the troubleshooting steps taken and the final resolution for future reference and to assist in identifying recurring patterns.",2025-03-01 16:00:00,2025-03-02 17:30:00
KB_ART_0007,Debugging Test Application Errors After Code Deployment,"Encountering errors in a test application after a new code deployment is a common occurrence in software development. These errors can be due to bugs in the new code, conflicts with existing code, or issues with the deployment environment. Start by examining the application logs for specific error messages and stack traces. Compare the new code with the previous version to identify potential sources of the errors. Use debugging tools to step through the code and identify the root cause. Check the deployment environment for any configuration changes or missing dependencies. If the errors are widespread, consider rolling back the deployment to the previous stable version. Implement thorough unit and integration testing before future deployments. This article provides guidance on debugging test application errors after a code deployment, helping developers quickly identify and resolve issues to ensure a stable and functional application. Maintain detailed deployment logs and have a well-defined rollback plan in place.",2024-08-05 12:00:00,2024-08-06 15:45:00
KB_ART_0008,Optimizing Slow Performance on Storage Arrays,"Slow performance on storage arrays can significantly impact the performance of applications that rely on them. This issue can be caused by various factors, including high I/O load, insufficient disk space, fragmentation, or inefficient storage configurations. Begin by monitoring the storage array's performance metrics, such as read/write latency, IOPS, and throughput. Identify any processes or applications that are generating excessive I/O. Check the available disk space and consider archiving or deleting old data if necessary. Defragmenting the storage array can improve performance in some cases. Review the storage array's configuration and ensure it is optimized for the workload. Consider upgrading the storage array hardware if it is consistently underperforming. This knowledge base article provides insights into optimizing slow performance on storage arrays, helping administrators ensure efficient data access and maintain application performance. Regularly review and tune your storage array configuration based on performance monitoring data.",2024-09-20 17:15:00,2024-09-21 11:00:00
KB_ART_0009,Resolving Frequent Desktop Application Crashing,"Frequent crashing of a desktop application can disrupt user workflows and lead to data loss. This issue can be caused by software bugs, compatibility problems with the operating system, insufficient system resources, or corrupted application files. Start by checking the system event logs for error messages related to the application crash. Ensure the application and the operating system are updated to the latest versions. Run a system file checker to identify and repair any corrupted system files. Check if the computer meets the minimum system requirements for the application. Try reinstalling the application to replace any potentially corrupted files. If the crashes started after a recent operating system update, check for known compatibility issues or contact the application vendor for support. This knowledge base article provides troubleshooting steps for resolving frequent desktop application crashing, helping users restore application stability and prevent data loss. Regularly back up important data to mitigate the impact of application crashes.",2024-10-28 08:30:00,2024-10-29 13:45:00
KB_ART_00010,Ensuring Even Traffic Distribution on Load Balancers,"Load balancers are crucial for distributing network traffic across multiple servers to ensure high availability and performance. Uneven traffic distribution can lead to some servers being overloaded while others are underutilized. Begin by checking the load balancer's configuration to ensure the distribution algorithm is set correctly (e.g., round robin, least connections). Monitor the real-time connection counts for each backend server to identify any imbalances. Check the health checks configured for the backend servers to ensure all healthy servers are participating in load balancing. Investigate any error messages or warnings in the load balancer's logs. Ensure the network connectivity between the load balancer and the backend servers is stable. Regularly review the load balancer's performance metrics and adjust the configuration as needed to maintain even traffic distribution. This article provides guidance on ensuring even traffic distribution on load balancers, helping to optimize resource utilization and maintain application performance and availability. Implement monitoring and alerting for load balancer performance.",2024-11-14 19:00:00,2024-11-15 10:15:00
KB_ART_00011,Troubleshooting Failed Trade Executions,"Failed trade executions can result in significant financial losses and regulatory issues. Common causes include network connectivity problems with exchanges, insufficient margin, incorrect order parameters, or system outages. To troubleshoot, first verify the network connection to the relevant exchange and check for any reported outages. Review the trader's account for sufficient margin and ensure the order parameters (price, quantity, instrument) are correct. Examine the trading system's logs for any error messages or exceptions. If the issue persists, contact the exchange or the trading platform vendor for assistance. Ensure proper logging and monitoring are in place to quickly identify and resolve trading issues. Regularly test disaster recovery plans to mitigate the impact of system outages. This article provides a comprehensive guide to diagnosing and resolving failed trade executions, ensuring timely and accurate trade processing and minimizing potential financial impact. Remember to document all troubleshooting steps and communicate effectively with traders and relevant support teams.",2024-09-15 10:00:00,2024-09-16 14:30:00
KB_ART_00012,Resolving Delays in Financial Report Generation,"Delays in generating timely financial reports can impact decision-making and regulatory compliance. These delays can be caused by issues with the underlying data sources, the reporting system itself, or the infrastructure it relies on. Begin by checking the status of the data sources to ensure data integrity and availability. Examine the reporting system's logs for any errors or performance bottlenecks. Verify the network connectivity between the reporting system and the data sources. Ensure the reporting server has sufficient resources (CPU, memory, disk space) to handle the report generation workload. If the issue is with a specific report, review its query logic and data transformations for inefficiencies. Consider optimizing database queries and indexing to improve performance. Regularly monitor the report generation process and set up alerts for potential delays. This knowledge base article outlines common causes and troubleshooting steps for resolving delays in financial report generation, helping to ensure the timely delivery of accurate financial information for stakeholders. Always maintain backups of your reporting configurations and data.",2024-10-22 11:15:00,2024-10-23 09:45:00
KB_ART_00013,Diagnosing Incorrect Risk Calculations,"Accurate risk calculation is crucial for financial institutions to manage their exposure and meet regulatory requirements. Incorrect calculations can lead to flawed decision-making and potential financial instability. Start by verifying the input data used for risk calculations, ensuring its accuracy and completeness. Examine the risk calculation engine's configuration and logic for any errors or inconsistencies. Review the system logs for any error messages or exceptions during the calculation process. Compare the calculated risk figures with expected values or results from a backup system. If the issue was introduced after a system update, consider rolling back to the previous version. Implement thorough testing and validation procedures for any changes to the risk calculation engine. This article provides a structured approach to diagnosing and resolving incorrect risk calculations, ensuring the reliability and accuracy of risk assessments. Document all findings and corrective actions taken for audit and future reference to prevent recurrence and maintain data integrity.",2024-11-29 13:30:00,2024-11-30 16:00:00
KB_ART_00014,Troubleshooting Customer Login Issues on Financial Portals,"Customer login issues on financial web portals can lead to frustration and impact customer satisfaction. These issues can arise from incorrect login credentials, network connectivity problems, browser compatibility issues, or problems with the authentication service. Begin by guiding the customer to verify their username and password. Check the status of the authentication service and any related infrastructure. Ensure the customer's browser is supported and up to date. Clear browser cache and cookies, as these can sometimes interfere with the login process. Investigate any network connectivity issues on the customer's end. If the problem persists, examine the web server logs for authentication failures and related error messages. This knowledge base article provides a step-by-step guide to troubleshooting customer login issues on financial portals, helping support agents quickly resolve access problems and ensure a positive customer experience. Implement robust monitoring and alerting for authentication services to proactively identify and address potential issues",2025-01-05 09:00:00,2025-01-06 10:30:00
KB_ART_00015,Managing Payment Processing Timeouts,"Timeouts during payment processing can lead to failed transactions and customer dissatisfaction. These issues can be caused by problems with the payment gateway, connectivity issues with acquiring banks, or high transaction volumes. Start by checking the status of the payment gateway and any reported incidents. Verify the network connection to the acquiring bank or payment processor. Examine the payment gateway's logs for timeout errors or other relevant messages. If the issue occurs during peak hours, it might be due to system overload; consider scaling up resources. Implement robust error handling and retry mechanisms in the payment processing system. Monitor transaction success rates and response times. This article provides guidance on managing and troubleshooting payment processing timeouts, helping to ensure smooth and reliable payment operations. Maintain clear communication channels with payment gateway providers and acquiring banks for timely updates on any service disruptions.,",2025-02-12 14:45:00,2025-02-13 11:15:00
KB_ART_00016,Resolving Failures in End-of-Day Financial Report Generation,"Failure to generate end-of-day financial reports can have significant implications for regulatory compliance and internal decision-making. These failures can stem from issues with data extraction, data transformation, database connectivity, or the reporting engine itself. Begin by checking the logs of the reporting server and any related database servers for error messages. Verify the integrity and availability of the data sources required for the reports. Ensure the reporting service has the necessary permissions to access the data. If a specific report is failing, review its configuration and query logic. Consider breaking down the report generation process into smaller steps to isolate the point of failure. Regularly test the report generation process and have backup procedures in place. This knowledge base article outlines steps to troubleshoot and resolve failures in end-of-day financial report generation, ensuring the timely availability of critical financial information. Implement monitoring and alerting for the report generation process to proactively identify and address potential issues.,",2025-03-01 16:00:00,2025-03-02 17:30:00
KB_ART_00017,Debugging Incorrect Account Balances in Mobile Banking Apps,"Displaying incorrect account balances in mobile banking apps can erode customer trust. This issue can be caused by errors in the balance calculation logic, data synchronization problems, or issues with the backend systems. Start by examining the application logs and server-side logs for any errors related to balance retrieval or calculation. Verify the data synchronization process between the mobile app and the core banking system. Check the integrity of the customer's account data in the backend system. If the issue is widespread, consider rolling back the latest app update. Implement rigorous testing, including unit and integration tests, for any changes to the balance calculation logic. This article provides guidance on debugging incorrect account balances in mobile banking apps, helping developers quickly identify and resolve the root cause to ensure accurate financial information is presented to customers. Maintain detailed logs and have a well-defined rollback strategy for mobile app updates.,",2024-08-05 12:00:00,2024-08-06 15:45:00
KB_ART_00018,Optimizing Compliance Audit System Alert Management,"An overload of alerts from compliance audit systems can overwhelm compliance teams and lead to critical issues being missed. This can be caused by overly sensitive rules, misconfigured thresholds, or data quality problems. Begin by reviewing the configuration of the compliance rules that are generating the most alerts. Analyze the data that is triggering these alerts to identify any patterns or anomalies. Adjust the sensitivity of the rules or the thresholds as needed to reduce the number of false positives. Investigate any underlying data quality issues that might be contributing to the alert overload. Implement a process for regularly reviewing and tuning compliance rules. This knowledge base article provides insights into optimizing compliance audit system alert management, helping compliance teams focus on genuine risks and improve efficiency. Implement proper alert prioritization and escalation procedures.,",2024-09-20 17:15:00,2024-09-21 11:00:00
KB_ART_00019,Resolving ATM Transaction Processing Errors,"Errors during ATM transaction processing can disrupt customer access to their funds and damage the bank's reputation. These errors can be caused by software glitches, network connectivity problems, hardware malfunctions, or insufficient cash in the ATM. Start by checking the ATM's logs and the ATM network controller's logs for specific error messages. Verify the network connectivity between the ATM and the central banking system. Check the status of the ATM hardware, including the card reader, cash dispenser, and receipt printer. Ensure the ATM has sufficient cash. If the issue is with a specific ATM model or software version, investigate known issues or contact the ATM vendor for support. This knowledge base article provides troubleshooting steps for resolving ATM transaction processing errors, helping to ensure reliable ATM services for customers. Implement proactive monitoring of ATM health and transaction success rates.",2024-10-28 08:30:00,2024-10-29 13:45:00
KB_ART_00020,Fine-Tuning Fraud Detection System Rules,"A fraud detection system that generates too many false positive alerts can lead to wasted resources and customer inconvenience. Conversely, a system that is not sensitive enough might miss genuine fraudulent activity. Begin by analyzing the patterns of false positive alerts to identify common triggers. Review the configuration of the fraud detection rules that are generating these alerts. Adjust the sensitivity of the rules or add more specific conditions to reduce false positives while still detecting actual fraud. Implement a process for regularly reviewing and tuning the fraud detection rules based on the analysis of both false positives and confirmed fraud cases. This article provides guidance on fine-tuning fraud detection system rules, helping to optimize the system's effectiveness in identifying and preventing fraudulent activities while minimizing disruption to legitimate customer transactions. Implement a feedback mechanism for fraud analysts to report false positives and provide insights for rule adjustments.,",2024-11-14 19:00:00,2024-11-15 10:15:00
KB_ART_00021,Troubleshooting HRIS Application Performance Issues,"Performance issues with the HRIS application can significantly impact HR operations. Common causes include high server load, inefficient database queries, network latency, or issues with integrated systems. To troubleshoot, first check the server's CPU, memory, and disk utilization. Analyze the application logs for any error messages or performance warnings. Use database monitoring tools to identify slow-running queries. Verify network connectivity to the server and any integrated systems. Consider restarting the application server or the database server during off-peak hours. If the issue persists, involve the application vendor for further investigation. Regularly review and optimize database performance, and ensure the server meets the application's hardware requirements. Implementing proper monitoring and alerting can help proactively identify and address performance issues before they impact users. This article provides a comprehensive guide to diagnosing and resolving HRIS application performance problems, ensuring smooth and efficient HR processes.",2024-09-15 10:00:00,2024-09-16 14:30:00
KB_ART_00022,Resolving Employee Portal Access Problems for Payroll Slips,"Employees not being able to access their payroll slips on the employee portal can cause frustration and increase the workload for the HR and payroll teams. This issue can be due to problems with the employee's login credentials, network connectivity, browser compatibility, or issues with the portal application or the backend payroll system. First, instruct the employee to verify their login credentials and try resetting their password. Check the status of the employee portal web server and the payroll database server. Ensure there are no network outages affecting the employee. Advise the employee to try accessing the portal using a different browser. Examine the employee portal application logs and the payroll system logs for any errors. If the problem persists, involve the IT support team to investigate further. Regularly test the employee portal functionality, especially after any system updates or maintenance. This knowledge base article outlines common causes and troubleshooting steps for resolving employee portal access issues related to payroll slips, ensuring employees can easily access their important payroll information.",2024-10-22 11:15:00,2024-10-23 09:45:00
KB_ART_00023,Diagnosing and Fixing HR Shared Drive Permission Errors,"Incorrect permissions on the HR shared network drive can lead to data access issues and security risks. This problem can arise from misconfigured NTFS permissions, incorrect group memberships, or improperly applied group policies. To diagnose, check the effective permissions for the affected users and groups on the shared folder. Verify the user's group memberships in Active Directory. Examine the applied group policies that might be affecting file and folder permissions. Correct any misconfigurations in NTFS permissions or group policies. Force a group policy update on the affected computers. Regularly audit the permissions on sensitive shared drives and implement a process for requesting and approving access changes. This article provides a structured approach to diagnosing and fixing HR shared drive permission errors, ensuring that only authorized personnel have access to sensitive HR documents and maintaining data security and compliance.",2024-11-29 13:30:00,2024-11-30 16:00:00
KB_ART_00024,Troubleshooting Time Tracking System Submission Failures,"Employees encountering errors when submitting their time entries can lead to delays in payroll processing and inaccurate records. These failures can be caused by application bugs, data validation errors, network connectivity issues, or problems with the time tracking system server. First, instruct the employee to double-check the data they are entering for any errors or omissions. Check the application logs on the time tracking system server for specific error messages. Verify network connectivity between the employee's computer and the server. Try restarting the employee's browser or the time tracking application. If the problem persists, involve the IT support team to investigate the server and application health. Contact the time tracking system vendor for known issues or patches. Regularly monitor the time tracking system for any recurring errors. This knowledge base article provides guidance on troubleshooting time tracking system submission failures, ensuring accurate and timely timekeeping for payroll and HR purposes.",2025-01-05 09:00:00,2025-01-06 10:30:00
KB_ART_00025,Resolving Login Issues for External Candidates on the Recruitment Portal,"External candidates experiencing login issues on the recruitment portal can negatively impact the hiring process. These issues can stem from incorrect login credentials, problems with the registration process, browser compatibility issues, or issues with the portal's authentication system. First, guide the candidate to verify their email address and password. Check if the candidate has completed the registration process correctly. Advise the candidate to try using a different web browser or clearing their browser's cache and cookies. Examine the recruitment application server logs for authentication failures and related error messages. If the problem continues, involve the IT support team to investigate the authentication module and the portal's configuration. Regularly test the recruitment portal's login functionality, especially after any system updates. This knowledge base article provides steps to resolve login issues for external candidates on the recruitment portal, ensuring a smooth application process for potential hires.",2025-02-12 14:45:00,2025-02-13 11:15:00
KB_ART_00026,Addressing Intermittent Errors While Accessing the Benefits Administration System,"Intermittent errors when employees access the benefits administration system can cause confusion and frustration. Since this is often an external system, the issues might be related to the vendor's infrastructure, network connectivity, or browser compatibility. First, advise the employee to try accessing the system again after a short delay. Check the vendor's status page or contact their support to inquire about any known outages. Verify the employee's network connection and advise them to try a different browser. If the errors persist, gather details about the specific error message and the time it occurred and escalate the issue to the HR benefits team and the IT support for further investigation with the vendor. Regularly communicate with the benefits system vendor about their service levels and any planned maintenance. This knowledge base article provides guidance on addressing intermittent errors while accessing the benefits administration system, helping to ensure employees can manage their benefits effectively.",2025-03-01 16:00:00,2025-03-02 17:30:00
KB_ART_00027,Investigating Failures in Scheduled HR Report Generation,"Failures in generating scheduled HR reports can impact HR analytics and decision-making. These failures can be caused by issues with the reporting server, database connectivity problems, errors in the report queries, or insufficient system resources. Begin by checking the logs on the HR reporting server for any error messages. Verify the connection to the underlying data sources. Review the configuration and query logic of the failing reports. Ensure the reporting server has sufficient CPU, memory, and disk space. Try manually running the reports to see if the failure is consistent. If the problem persists, involve the database administrators and the HR analytics team to investigate further. Regularly monitor the scheduled report jobs and set up alerts for any failures. This knowledge base article outlines steps to investigate failures in scheduled HR report generation, ensuring timely and accurate HR data is available for analysis and reporting.",2024-08-05 12:00:00,2024-08-06 15:45:00
KB_ART_00028,Troubleshooting Issues with the HR Department Not Receiving External Emails,"The HR department not receiving external emails can disrupt critical communication with candidates, vendors, and other external parties. This issue can be caused by overly aggressive spam filters, problems with the email server configuration, DNS record issues, or the sender's email being blacklisted. First, check the spam filter logs to see if the emails are being blocked. Verify the email server's configuration and ensure the DNS records (MX records) are correctly set up. Check if the sender's domain or IP address is on any blocklists. Try whitelisting the sender's email address or domain. If the problem persists, involve the IT email administration team to investigate further. Regularly review and fine-tune spam filter settings to balance security and the need to receive legitimate emails. This knowledge base article provides guidance on troubleshooting issues with the HR department not receiving external emails, ensuring effective communication for HR operations.",2024-09-20 17:15:00,2024-09-21 11:00:00
KB_ART_00029,Diagnosing Slow Performance on HR Manager's Laptop,"A slow-performing laptop can significantly hinder the productivity of the HR Manager. This issue can be caused by a multitude of factors, including high CPU or memory usage, disk fragmentation, malware infections, outdated drivers, or insufficient hardware resources. Begin by checking the Task Manager to identify processes consuming excessive resources. Run a malware scan to rule out any infections. Perform a disk cleanup and defragmentation. Update the laptop's drivers and operating system. If the issue persists, consider upgrading the laptop's RAM or hard drive, or replacing the laptop altogether. This knowledge base article provides steps to diagnose and address slow performance on the HR Manager's laptop, ensuring they have a reliable and efficient workstation. Regularly perform laptop maintenance and provide user training on best practices for maintaining system performance.",2024-10-28 08:30:00,2024-10-29 13:45:00
KB_ART_00030,Resolving Failures in the Overnight Payroll Processing Job,"Failures in the overnight payroll processing job can lead to significant delays in salary payments and compliance issues. These failures can be caused by database errors, issues with the payroll processing scripts, insufficient server resources, or problems with integrated systems. Begin by checking the job logs for specific error messages. Examine the payroll database server logs for any database-related errors like deadlocks or connectivity issues. Verify the integrity of the payroll processing scripts. Ensure the server has sufficient CPU, memory, and disk space to run the job. Check the status of any integrated systems that the payroll process relies on. If the problem persists, involve the database administrators and the payroll system vendor for further investigation. Implement robust monitoring and alerting for the payroll processing job. This knowledge base article outlines steps to resolve failures in the overnight payroll processing job, ensuring timely and accurate salary payments to employees.",2024-11-14 19:00:00,2024-11-15 10:15:00
